Vehicle_Reference,Vehicle_Type,Vehicle_Manoeuvre,Junction_Location,Skidding_and_Overturning,Hit_Object_in_Carriageway,Was_Vehicle_Left_Hand_Drive?,Journey_Purpose_of_Driver,Sex_of_Driver,Age_of_Driver,Engine_Capacity_(CC),Propulsion_Code,Age_of_Vehicle,Survival
2,9,18,8,0,0,1,6,1,45,1794,1,11,1
1,9,9,8,0,0,1,6,2,25,1582,2,1,1
2,9,18,8,0,0,1,6,1,51,-1,-1,-1,1
1,20,4,0,0,0,1,1,1,50,4462,2,1,1
1,9,15,1,0,0,1,6,1,27,1598,2,-1,1
2,1,9,5,0,0,1,6,1,46,-1,-1,-1,1
1,3,4,2,0,0,1,1,2,27,50,1,8,0
2,9,4,2,0,0,1,1,1,33,1995,2,10,0
1,9,14,1,0,0,1,6,1,24,1398,1,1,0
1,9,4,0,0,0,1,6,1,25,1686,2,8,1
2,8,4,0,0,0,1,1,1,43,1997,2,6,1
1,1,18,1,0,0,1,6,1,29,-1,-1,-1,1
2,9,18,1,0,0,1,6,2,43,1149,1,5,1
1,9,5,8,0,0,1,3,2,41,2967,2,1,0
2,9,18,8,0,0,1,2,2,23,999,1,1,0
3,9,2,1,0,0,1,6,2,51,1199,1,16,1
4,9,2,1,0,0,1,3,1,45,1796,1,12,0
5,9,2,1,0,0,1,6,1,51,1798,1,8,1
1,9,5,8,0,0,1,6,2,55,4000,1,8,1
2,1,18,8,0,0,1,4,1,15,-1,-1,-1,0
1,9,4,0,0,0,1,6,2,37,1598,2,3,0
2,9,4,0,0,0,1,6,1,26,1197,1,1,0
1,9,18,8,0,0,1,6,1,40,2995,1,5,1
2,9,9,8,0,0,1,6,2,48,1242,1,8,1
1,9,18,8,0,0,1,2,2,47,1896,2,7,0
1,9,9,8,0,0,1,6,1,37,-1,-1,-1,1
2,9,18,8,0,0,1,6,1,41,1896,2,7,1
1,9,16,0,1,0,1,6,1,32,1396,1,11,1
1,9,18,0,0,0,1,6,3,-1,1686,2,10,1
2,9,3,0,0,0,1,6,1,33,-1,-1,-1,1
1,9,18,1,0,0,1,6,1,15,1242,1,8,1
2,9,9,1,0,0,1,6,2,31,1198,1,1,0
1,11,18,0,0,0,1,1,3,-1,-1,-1,-1,0
1,9,18,8,0,0,1,6,1,30,-1,-1,-1,0
2,1,18,8,0,0,1,6,2,33,-1,-1,-1,1
1,9,18,8,0,0,1,6,1,27,1997,2,7,1
2,9,18,8,0,0,1,6,2,33,1390,1,3,1
1,9,18,0,1,0,1,6,1,26,1396,1,12,1
2,9,18,0,0,0,1,6,2,51,1587,1,10,0
3,10,18,0,0,0,1,1,1,33,-1,-1,-1,0
1,9,18,0,0,0,1,6,1,25,-1,-1,-1,1
1,1,18,8,0,0,1,1,1,13,-1,-1,-1,0
2,9,18,8,0,0,1,6,2,51,998,1,1,1
1,9,18,0,0,0,1,2,1,34,-1,-1,-1,1
2,9,12,0,0,0,1,2,2,25,1229,1,10,1
1,9,9,8,0,0,1,2,2,40,1598,1,10,0
2,1,18,8,0,0,1,2,1,33,-1,-1,-1,1
1,9,18,8,0,0,1,2,2,65,998,1,8,1
2,9,7,6,0,0,1,2,2,27,1086,1,7,1
1,9,18,0,0,4,1,1,1,51,1997,2,2,1
2,9,3,0,0,0,1,1,1,37,998,1,1,1
3,9,3,0,0,0,1,1,1,35,1995,2,3,1
1,9,18,0,0,0,1,6,2,26,-1,-1,-1,0
1,9,18,2,0,0,1,6,1,40,1198,1,10,0
2,9,18,2,0,0,1,1,2,40,1560,2,5,0
3,9,18,2,0,0,1,2,2,50,1598,1,4,1
1,9,18,8,0,0,1,6,1,31,2148,2,6,1
2,9,8,5,0,0,1,1,2,31,1461,2,1,1
1,9,5,6,0,0,1,1,2,34,998,1,6,1
2,3,16,8,0,0,1,6,1,17,125,1,5,0
1,9,7,5,0,0,1,6,1,68,1997,1,12,0
2,11,18,8,0,0,1,1,1,68,9360,2,6,1
1,5,17,8,2,0,1,6,1,30,599,1,15,0
2,9,2,8,0,0,1,6,2,48,1796,1,8,1
1,9,7,6,1,0,1,6,1,26,1598,1,8,1
2,9,7,6,0,0,1,1,1,43,2993,2,2,1
1,9,5,8,0,0,1,6,1,31,1598,1,1,0
2,19,18,8,5,0,1,1,1,58,2143,2,1,0
1,9,18,8,0,0,1,1,1,40,1598,1,12,0
2,9,9,8,0,0,1,2,2,44,1560,2,1,0
1,9,8,6,0,0,1,6,3,-1,-1,-1,-1,0
1,9,7,6,0,0,1,1,1,55,-1,-1,-1,1
2,1,18,1,0,0,1,6,2,27,-1,-1,-1,1
1,9,9,8,0,0,1,6,1,36,2685,2,11,1
2,1,18,8,0,0,1,6,2,36,-1,-1,-1,1
1,9,18,4,0,10,1,6,1,30,698,1,8,1
2,9,18,1,0,0,1,1,1,41,1396,2,1,1
1,9,1,8,0,0,1,3,2,30,1363,2,13,0
1,9,18,8,0,0,1,6,2,28,1995,2,9,0
2,18,18,8,0,0,1,1,1,54,-1,-1,-1,0
1,9,3,8,0,0,1,1,1,53,2360,1,14,1
2,9,4,8,0,0,1,2,2,50,1242,1,3,1
1,9,18,0,0,0,1,1,3,30,-1,-1,-1,1
2,9,12,0,0,0,1,1,1,24,1598,1,3,1
1,5,14,1,0,0,1,6,1,49,399,1,25,0
2,9,9,1,0,0,1,6,1,52,1796,1,8,0
1,9,9,8,0,0,1,6,1,45,1796,1,15,1
2,3,18,8,5,0,1,6,1,26,125,1,2,0
1,9,9,8,0,0,1,6,1,45,1596,1,11,1
2,9,18,8,0,0,1,1,1,46,-1,-1,-1,1
3,9,18,8,0,0,1,6,1,23,1461,2,11,0
4,9,18,8,0,0,1,6,2,30,973,1,14,0
1,5,13,8,0,0,1,6,1,47,1585,2,6,0
2,9,9,8,0,0,1,2,2,73,998,1,25,1
1,9,18,0,0,0,1,6,2,41,1360,1,12,1
2,9,2,0,0,0,1,6,1,46,1999,1,-1,0
1,9,9,8,0,0,1,6,2,25,1390,1,8,1
2,1,4,8,0,0,1,1,1,51,-1,-1,-1,1
1,5,13,0,1,0,1,6,1,25,748,1,9,1
2,9,18,0,0,0,1,6,2,26,1399,2,3,1
1,3,18,6,5,0,1,6,1,27,125,1,-1,1
2,9,18,8,0,0,1,6,1,30,1686,2,5,1
1,3,18,0,0,0,1,6,1,36,124,1,16,0
2,5,18,0,0,0,1,6,1,33,996,1,13,0
3,9,18,0,0,0,1,6,1,49,1984,1,20,0
4,9,4,0,0,0,1,1,1,66,1598,2,2,1
1,5,13,0,0,0,1,6,1,34,599,1,15,1
2,9,6,0,0,0,1,1,1,65,1997,2,11,1
1,9,18,8,0,0,1,6,1,50,1968,2,2,1
2,9,18,8,0,0,1,6,2,24,998,1,1,0
1,1,18,0,0,0,1,6,1,27,-1,-1,-1,0
2,19,4,0,0,0,1,1,1,31,1598,2,-1,1
1,9,13,8,0,0,1,6,1,30,1968,1,10,0
2,9,9,8,0,0,1,6,1,31,996,1,5,1
3,9,18,8,0,0,1,1,1,30,1396,2,1,1
1,9,18,8,0,0,1,1,1,27,-1,-1,-1,1
2,9,5,5,0,0,1,2,2,37,1598,1,11,0
1,9,3,4,0,0,1,6,2,74,1197,1,1,1
2,90,3,4,0,0,1,1,1,30,-1,-1,-1,1
1,9,16,0,5,10,1,6,1,21,2148,2,10,1
1,9,7,6,0,0,1,6,2,92,1124,1,19,1
2,21,18,8,0,0,1,1,1,32,9200,2,8,1
1,9,4,0,0,0,1,6,2,65,1995,2,3,1
1,9,14,0,0,4,2,6,1,30,1398,1,8,0
2,9,14,0,0,0,1,6,1,28,1984,1,1,0
3,9,2,0,0,0,1,6,3,43,1896,2,6,0
1,9,18,1,0,0,1,6,1,57,1747,1,16,1
2,9,3,1,0,0,1,6,1,37,1461,2,1,1
3,9,3,1,0,0,1,6,1,68,1229,1,3,1
4,9,3,1,0,0,1,6,1,60,-1,-1,-1,1
1,9,3,2,0,0,1,6,1,20,1499,1,-1,0
2,9,18,2,0,0,1,6,2,32,1200,1,2,0
1,9,5,6,0,0,1,6,1,55,898,1,1,1
1,9,18,0,0,0,1,6,1,34,1796,1,9,0
2,9,18,0,0,0,1,6,1,26,1390,1,3,1
3,9,18,0,1,0,1,6,1,49,-1,-1,-1,1
1,9,18,1,0,0,1,6,1,22,2204,2,9,1
2,9,3,1,0,0,1,6,2,68,998,1,9,0
1,5,18,1,0,0,1,6,1,19,-1,-1,-1,0
1,1,18,8,0,0,1,6,1,24,-1,-1,-1,0
2,9,18,8,0,0,1,6,2,46,1968,2,2,0
1,9,18,2,0,0,1,6,1,32,1998,1,20,0
2,9,18,1,0,0,1,6,1,81,1753,2,12,1
1,9,9,5,0,0,1,1,2,49,1248,2,7,0
2,1,18,8,2,0,1,1,1,40,-1,-1,-1,1
1,9,16,0,0,0,1,6,1,68,1124,1,3,0
2,9,17,0,0,0,1,6,1,56,1497,1,14,1
1,9,9,8,0,0,1,6,1,75,2720,2,7,0
2,9,18,8,0,0,1,6,1,58,1598,1,2,0
1,9,9,6,0,0,1,6,1,31,1956,2,1,1
2,9,18,8,0,0,1,6,1,24,1686,2,8,0
1,5,18,1,0,0,1,6,1,49,1157,1,9,0
2,9,3,1,0,0,1,6,2,22,998,1,2,1
1,1,5,1,0,0,1,6,1,9,-1,-1,-1,1
2,9,18,1,0,0,1,6,2,18,1149,1,10,1
1,9,18,0,0,0,1,6,1,27,1242,1,9,0
1,19,9,5,0,0,1,1,1,32,-1,-1,-1,0
2,3,18,8,0,0,1,2,1,40,124,1,5,0
1,9,18,8,1,10,1,6,1,38,1600,1,16,1
2,9,9,8,0,0,1,6,2,30,1968,2,1,1
1,3,18,2,0,0,1,6,1,26,124,1,5,1
2,9,6,2,0,0,1,1,1,49,1497,8,7,1
1,9,15,1,0,0,1,6,1,47,1390,1,12,1
2,1,18,1,5,0,1,1,1,32,-1,-1,-1,1
1,9,9,8,0,0,1,6,2,75,1360,1,8,1
2,3,18,8,0,0,1,6,1,55,124,1,1,1
1,9,18,8,0,0,1,6,1,33,1329,1,2,1
1,9,18,8,0,0,1,6,3,-1,-1,-1,-1,0
2,1,9,8,0,0,1,6,1,20,-1,-1,-1,0
1,5,18,8,5,0,1,6,1,37,649,1,1,0
2,9,18,8,0,0,1,1,1,42,-1,-1,-1,1
1,9,9,8,0,0,1,6,2,20,998,1,2,1
2,3,13,8,0,0,1,6,1,17,124,1,4,1
1,19,3,1,0,0,1,1,1,23,2287,2,4,1
2,19,3,1,0,0,1,6,1,30,-1,-1,-1,0
1,9,9,6,0,0,1,6,3,-1,-1,-1,-1,0
2,9,18,8,0,0,1,6,1,28,2993,2,3,1
1,9,18,0,0,0,1,6,1,30,2987,2,9,0
2,9,3,0,0,0,1,6,1,27,1968,2,8,1
1,9,9,8,0,0,1,6,2,33,1598,1,3,1
2,3,18,8,0,0,1,1,1,27,124,1,-1,0
1,11,18,1,0,0,1,1,2,36,7300,2,6,0
2,1,18,2,0,0,1,6,1,10,-1,-1,-1,0
1,9,9,5,0,0,1,6,2,21,-1,-1,-1,1
2,2,18,8,0,0,1,6,1,47,-1,-1,-1,1
1,9,9,8,0,0,1,6,1,27,1796,1,13,0
2,9,18,8,0,0,1,6,1,30,1124,1,12,1
1,9,18,2,0,0,1,6,1,21,999,1,1,1
1,3,18,8,0,0,1,6,1,49,125,1,2,1
1,1,18,1,5,0,1,6,1,14,-1,-1,-1,1
2,9,8,8,0,0,1,6,1,32,-1,-1,-1,1
1,9,18,1,0,0,1,6,2,68,1242,1,12,1
1,9,9,8,0,0,1,6,1,35,-1,-1,-1,0
2,9,17,8,0,0,1,6,1,69,-1,-1,-1,0
1,9,18,8,0,0,1,6,2,38,-1,-1,-1,0
2,9,9,2,0,0,1,6,1,23,-1,-1,-1,1
1,8,18,1,2,0,1,6,1,47,1968,2,2,1
1,9,5,1,0,0,1,1,2,31,1390,1,12,1
2,9,3,1,0,0,1,6,2,34,-1,-1,-1,1
1,9,9,8,0,7,1,6,2,28,1896,2,13,0
2,9,18,8,0,0,1,6,1,23,-1,-1,-1,0
1,9,7,3,0,0,1,6,3,30,-1,-1,-1,1
2,1,18,8,0,0,1,2,1,41,-1,-1,-1,0
1,2,18,1,0,0,1,6,1,23,124,1,1,1
2,9,9,1,0,0,1,6,1,30,1968,2,5,1
1,9,18,0,0,0,1,6,1,41,1956,2,-1,1
1,9,4,1,0,0,1,6,2,30,2521,1,10,0
2,5,4,1,0,0,1,6,1,38,929,1,14,1
1,9,9,6,0,0,1,2,1,32,1781,1,13,1
2,9,18,8,0,0,1,2,1,53,1968,2,7,1
1,9,18,0,0,0,1,6,1,26,1497,1,10,1
1,19,18,0,0,0,1,1,1,49,2402,2,4,1
1,9,7,8,0,0,1,1,1,38,1332,1,17,1
2,1,18,8,0,0,1,1,1,26,-1,-1,-1,0
1,19,18,0,0,0,1,1,1,30,2198,2,7,0
1,9,9,8,0,0,1,6,1,54,3189,1,11,0
2,9,18,8,0,0,1,6,2,65,1198,1,4,1
3,9,8,8,0,0,1,6,1,25,2198,1,12,1
1,9,9,1,0,0,1,2,1,24,899,1,1,1
1,9,18,8,0,0,1,2,1,49,1999,1,11,1
2,9,18,8,0,0,1,2,2,28,1248,2,7,0
1,9,5,8,0,0,1,1,1,62,2397,1,13,0
2,3,18,8,0,0,1,1,1,31,125,1,1,1
1,9,9,8,0,0,1,6,2,27,1598,2,1,0
2,11,18,8,0,0,1,1,1,55,6700,2,6,1
1,1,18,8,0,0,1,6,1,33,-1,-1,-1,1
2,21,7,8,0,0,1,1,1,54,9200,2,8,1
1,9,9,8,0,0,1,6,2,72,1595,1,13,0
2,9,18,8,0,0,1,6,1,56,1388,1,10,0
1,9,18,8,0,0,1,1,2,59,1398,2,6,0
2,9,18,8,0,0,1,6,1,49,1149,1,13,0
1,8,9,8,0,0,1,1,1,40,1461,2,2,0
2,3,18,8,0,0,1,6,1,24,49,1,7,1
3,3,18,8,0,0,1,6,1,21,124,1,1,1
1,9,18,0,0,4,1,6,1,22,998,1,1,1
2,9,4,0,0,0,1,6,2,42,1242,1,1,1
3,9,4,0,0,0,1,6,1,35,1596,1,5,1
1,1,18,8,0,0,1,1,1,30,-1,-1,-1,1
2,9,16,4,0,0,1,1,2,58,1248,1,2,0
1,8,5,4,0,0,1,6,1,-1,-1,-1,-1,0
2,1,17,8,0,0,1,2,1,24,-1,-1,-1,0
1,9,18,1,0,0,1,6,1,36,1598,1,13,1
1,11,18,8,0,0,1,1,1,30,-1,-1,-1,1
1,3,18,8,5,0,1,6,1,17,125,1,10,1
2,9,7,8,0,0,1,6,1,23,1595,1,7,1
1,9,9,2,0,0,1,6,1,27,1124,1,7,0
1,9,9,8,0,0,1,6,1,21,1499,1,10,0
2,9,5,8,0,0,1,6,2,45,2494,8,-1,1
1,9,18,0,0,0,1,6,3,-1,-1,-1,-1,0
1,4,17,2,0,0,1,6,1,20,-1,-1,-1,1
2,9,16,1,0,0,1,1,2,58,1968,2,9,1
1,9,7,1,1,0,1,6,1,30,1149,1,12,0
2,9,3,1,0,0,1,1,1,42,1275,1,19,0
3,9,3,1,0,0,1,6,1,70,1329,1,4,0
1,9,18,8,0,0,1,6,2,24,2995,1,9,1
2,9,18,8,0,0,1,6,1,50,1995,2,6,1
1,9,18,0,0,0,1,6,1,87,989,1,15,0
2,9,2,0,0,0,1,6,3,-1,998,1,3,1
1,90,4,3,0,0,1,6,1,33,-1,-1,-1,1
2,10,4,3,0,0,1,1,1,46,1870,2,10,1
1,1,18,8,0,0,1,6,1,13,-1,-1,-1,1
2,9,9,8,0,0,1,1,1,43,1995,2,-1,1
1,9,6,3,0,0,1,6,1,22,1995,2,1,1
2,3,14,3,0,0,1,1,1,38,125,1,2,0
1,1,9,8,0,0,1,4,1,14,-1,-1,-1,0
2,9,18,8,1,0,1,1,1,27,1390,1,11,0
1,9,7,8,0,0,1,6,3,-1,-1,-1,-1,1
2,1,18,8,0,0,1,2,1,34,-1,-1,-1,1
1,9,9,8,0,0,1,6,2,22,1242,1,6,1
2,5,18,8,5,0,1,6,1,46,1170,1,1,1
1,9,18,0,0,0,1,6,1,29,1242,1,12,0
2,9,5,0,0,0,1,6,1,60,1560,2,8,0
1,9,18,1,0,0,1,1,2,28,1599,1,11,1
2,9,3,1,0,0,1,1,2,59,1398,2,1,0
3,9,3,1,0,0,1,1,1,30,1995,2,2,1
1,9,9,8,0,0,1,6,1,21,1560,2,10,1
2,10,18,8,0,0,1,1,1,51,2198,2,5,1
1,9,18,0,0,0,1,6,1,61,1388,1,6,0
1,9,7,8,0,0,1,6,2,30,1364,1,-1,1
2,9,18,8,0,0,1,6,1,30,1399,2,7,1
1,9,9,8,0,0,1,6,1,27,1956,2,1,1
2,9,18,8,0,0,1,6,1,28,1149,1,12,1
1,9,9,8,0,0,1,6,2,19,1896,2,10,1
2,9,18,8,0,0,1,1,1,46,1896,2,8,1
1,9,18,8,0,0,1,6,3,-1,-1,-1,-1,0
2,3,18,8,0,0,1,6,1,56,125,1,-1,0
1,19,18,8,0,0,1,6,1,30,-1,-1,-1,0
2,9,18,8,0,0,1,6,2,61,1388,1,5,1
3,9,18,8,0,0,1,6,2,23,1229,1,2,1
1,9,18,2,0,0,1,6,3,-1,-1,-1,-1,1
1,90,9,8,0,0,1,1,1,38,-1,-1,-1,1
2,90,18,8,1,0,1,2,1,44,-1,-1,-1,0
1,9,9,6,0,0,1,2,1,51,2199,1,21,0
2,1,18,8,0,0,1,6,1,50,-1,-1,-1,1
1,9,9,6,0,0,1,6,1,53,1560,2,5,0
2,9,18,8,0,0,1,6,1,75,1398,2,7,1
1,9,12,1,0,0,1,2,1,46,1995,2,-1,1
1,9,7,6,1,0,1,3,1,46,1968,2,2,1
1,9,9,6,0,0,1,6,3,38,2387,2,8,0
2,4,18,8,0,0,1,6,1,30,124,1,25,0
1,10,1,0,0,0,1,1,1,46,2402,2,10,0
1,19,18,8,0,0,1,6,1,45,2198,2,4,0
2,9,18,8,0,0,1,6,1,27,2143,2,-1,0
1,9,4,8,0,0,1,6,1,33,1119,1,13,1
2,9,3,8,0,0,1,6,3,30,-1,-1,-1,0
1,9,9,8,0,0,1,3,1,48,1461,2,12,1
2,2,3,8,0,0,1,2,1,50,50,1,1,0
1,9,18,8,0,0,1,6,2,34,1598,2,1,1
2,9,10,8,0,0,1,6,1,31,1560,2,4,0
1,9,9,5,0,0,1,6,2,33,1120,1,16,0
1,21,7,8,0,0,1,1,1,28,12777,2,7,1
2,9,17,8,0,0,1,6,1,71,1598,2,2,0
1,9,9,8,0,7,1,6,1,37,1299,1,10,0
2,9,18,8,0,0,1,6,2,35,2993,2,2,1
1,9,18,1,0,0,1,6,1,30,1753,2,14,1
2,9,4,1,0,0,1,6,1,29,1200,1,-1,1
1,9,14,2,0,4,1,2,2,24,1598,1,7,0
2,9,2,2,0,0,1,6,1,56,1598,1,10,0
1,9,9,8,0,0,1,6,2,20,1229,1,8,0
2,9,18,8,0,0,1,6,2,19,1598,2,2,1
1,9,18,1,0,0,1,1,1,74,1248,2,-1,1
1,19,18,0,0,0,1,6,1,52,-1,-1,-1,1
2,9,18,0,0,0,1,6,1,45,1685,2,2,1
3,9,18,0,0,0,1,6,2,44,1598,1,8,1
1,9,9,5,0,0,1,6,2,36,998,1,9,1
2,1,18,8,0,0,1,6,1,30,-1,-1,-1,1
1,19,18,8,0,0,1,6,1,30,1868,2,12,1
2,9,18,8,0,0,1,6,1,29,1781,1,12,1
1,9,18,8,0,0,1,1,1,40,-1,-1,-1,0
2,9,18,8,0,0,1,2,1,45,1398,1,-1,0
1,9,9,8,0,0,1,6,1,32,1560,2,10,0
2,3,18,8,5,0,1,6,1,37,124,1,2,1
1,9,9,8,0,0,1,6,2,31,1386,1,8,1
2,1,17,8,0,0,1,2,1,48,-1,-1,-1,1
1,9,18,1,0,0,1,6,1,73,1198,1,6,1
1,1,18,8,0,0,1,6,1,13,-1,-1,-1,0
2,9,18,8,0,0,1,6,1,20,1248,1,6,0
1,9,5,8,0,0,1,6,1,44,1598,2,2,1
2,9,18,8,0,0,1,6,1,45,1362,1,3,0
3,9,3,1,0,0,1,6,2,38,1998,2,7,1
1,8,7,1,0,0,1,1,1,45,1896,2,8,1
2,8,18,1,0,0,1,1,1,34,1910,2,8,0
1,9,18,8,0,0,1,6,1,26,1390,1,5,0
2,10,18,8,0,0,1,6,1,53,-1,-1,-1,0
1,9,4,1,0,0,1,6,2,27,2000,2,6,1
2,9,4,1,0,0,1,6,1,48,1995,2,8,1
1,9,18,1,0,0,1,6,1,18,-1,-1,-1,0
1,9,9,6,0,0,1,6,2,64,796,1,14,1
2,9,18,8,0,0,1,6,1,52,1968,2,2,1
1,9,9,8,0,0,1,6,1,51,1995,2,2,1
1,9,18,0,0,0,1,2,1,48,2720,2,7,1
1,9,9,8,0,0,1,6,1,67,1197,1,1,1
2,9,18,8,0,0,1,6,1,21,1364,1,6,1
3,9,8,1,0,0,1,6,2,43,-1,-1,-1,0
1,9,18,1,0,0,1,6,1,28,1598,2,1,0
2,9,18,1,0,0,1,6,2,48,1598,2,3,0
1,9,9,8,0,0,1,6,2,34,1242,1,2,1
2,3,18,8,0,0,1,6,1,42,125,1,8,1
1,9,18,4,0,0,1,6,1,36,1984,1,10,1
2,1,18,8,0,0,1,6,1,64,-1,-1,-1,1
1,9,18,0,0,0,1,6,2,59,1497,1,10,0
1,9,18,1,0,0,1,1,1,45,1997,2,10,0
1,9,5,8,0,0,1,6,2,55,-1,-1,-1,1
2,9,18,8,0,0,1,6,1,25,-1,-1,-1,0
1,8,5,2,0,0,1,1,1,48,1461,2,4,1
1,9,18,2,0,0,1,6,1,27,-1,-1,-1,1
1,9,9,8,0,0,1,3,1,24,1896,2,7,1
2,9,18,8,0,0,1,6,1,42,1781,1,13,0
1,9,16,2,0,0,1,6,1,19,-1,-1,-1,1
2,9,18,1,0,0,1,1,1,59,-1,-1,-1,1
1,9,18,1,0,0,1,6,1,39,-1,-1,-1,1
2,9,18,1,0,0,1,6,1,48,1199,1,14,1
1,9,7,6,0,0,1,6,1,30,-1,-1,-1,1
2,1,18,1,0,0,1,6,1,36,-1,-1,-1,1
1,9,18,0,0,0,1,6,1,30,-1,-1,-1,0
2,9,3,0,0,0,1,6,2,47,-1,-1,-1,0
1,2,18,0,0,0,1,6,1,26,49,1,5,0
2,9,2,0,0,0,1,6,3,-1,998,1,1,1
1,9,18,8,0,0,1,6,1,28,1242,1,12,1
1,9,9,6,0,0,1,6,2,62,1242,1,10,1
2,9,18,8,0,0,1,6,1,22,1198,1,1,1
1,9,14,1,0,0,1,2,2,39,1598,1,1,0
1,8,18,1,0,0,1,1,1,43,2402,2,12,0
1,9,9,6,0,0,1,6,2,70,1197,1,3,1
2,9,18,8,0,0,1,6,1,77,1396,1,12,0
1,9,9,8,0,0,1,1,1,54,-1,-1,-1,1
2,9,17,8,0,0,1,6,1,79,1596,1,11,1
1,9,18,1,0,0,1,6,2,31,1598,1,14,1
1,9,18,2,0,0,1,6,1,30,1598,1,17,0
2,1,18,1,0,0,1,6,1,18,-1,-1,-1,0
1,9,18,8,0,0,1,1,1,32,1997,2,4,0
2,9,18,8,0,0,1,6,1,40,2495,2,19,0
1,9,18,8,0,0,1,1,1,29,-1,-1,-1,0
2,8,18,8,0,0,1,1,1,56,995,1,5,1
1,11,18,0,0,0,1,1,1,54,4461,2,2,1
1,9,18,0,0,0,1,1,2,24,1390,1,9,1
2,9,18,0,0,0,1,1,2,47,1968,2,1,1
1,9,18,8,0,0,1,6,1,18,1229,1,5,1
2,9,9,6,0,0,1,6,1,20,1229,1,9,1
1,9,7,6,0,0,1,6,1,29,-1,-1,-1,0
2,9,4,6,0,0,1,6,1,79,1329,1,5,0
1,9,18,8,0,0,1,6,1,35,1598,2,1,0
2,9,9,8,0,0,1,6,2,50,-1,-1,-1,1
3,9,18,1,0,0,1,6,1,39,1248,2,6,1
1,9,9,8,1,0,1,6,1,33,973,1,12,1
2,9,18,8,0,0,1,6,1,57,1461,2,1,1
1,8,18,1,0,0,1,1,1,44,2148,2,6,0
1,90,14,1,0,0,1,1,1,27,-1,-1,-1,0
1,1,9,8,0,0,1,6,1,22,-1,-1,-1,1
2,9,18,8,0,0,1,6,1,63,2497,1,8,0
1,9,18,8,0,0,1,6,1,27,1598,1,7,1
2,9,18,8,0,0,1,6,2,44,1598,2,2,1
1,9,18,1,0,0,1,6,1,44,-1,-1,-1,0
1,11,10,2,0,0,1,1,1,52,4250,2,8,0
2,9,4,2,0,0,1,1,2,37,1388,1,6,0
1,9,18,1,0,0,1,6,2,34,1910,2,8,1
1,9,1,1,0,0,1,6,1,18,-1,-1,-1,1
2,9,2,1,0,0,1,6,1,21,1240,1,6,0
3,9,2,1,0,0,1,6,3,-1,1498,1,15,1
4,9,2,1,0,0,1,6,3,-1,1956,2,1,1
1,9,9,8,0,0,1,6,1,28,2996,1,8,1
2,9,18,8,0,0,1,6,1,54,1560,2,7,1
1,9,18,0,0,0,1,6,2,32,1582,2,3,1
1,21,18,1,0,0,1,1,1,60,12809,2,1,1
1,90,18,1,1,0,1,1,1,30,-1,-1,-1,0
2,3,3,1,0,0,1,1,1,39,124,1,1,0
1,9,5,1,0,0,1,2,1,37,-1,-1,-1,0
2,8,18,1,0,0,1,6,1,35,1995,2,6,1
1,9,17,8,0,0,1,6,1,34,1968,2,2,1
2,1,18,8,0,0,1,6,2,47,-1,-1,-1,1
3,9,2,8,0,0,1,6,3,-1,-1,-1,-1,1
1,9,18,4,0,0,1,6,1,30,1242,1,3,0
2,9,9,8,0,0,1,6,2,39,-1,-1,-1,0
3,9,18,4,0,0,1,6,3,-1,-1,-1,-1,1
1,9,18,2,0,0,1,6,1,30,-1,-1,-1,0
1,9,18,0,0,0,1,2,1,32,1686,2,13,1
1,9,18,1,0,0,1,1,2,34,1329,1,3,1
2,5,18,1,0,0,1,1,1,30,498,1,14,1
1,9,9,8,0,0,1,6,2,73,2962,1,16,0
2,1,18,8,0,0,1,6,1,46,-1,-1,-1,1
3,3,7,1,0,0,1,6,3,30,-1,-1,-1,1
1,9,9,8,0,0,1,6,3,-1,-1,-1,-1,1
2,1,18,8,0,0,1,6,1,26,-1,-1,-1,1
1,9,18,8,0,0,1,6,3,-1,1984,1,9,1
1,9,9,6,0,0,1,6,1,29,998,1,11,1
2,9,18,8,0,0,1,6,1,25,999,1,16,0
1,90,9,8,0,0,1,4,1,24,-1,-1,-1,0
2,1,18,8,0,0,1,6,1,33,-1,-1,-1,0
1,5,18,0,1,10,1,6,1,22,600,1,12,1
1,9,18,0,0,0,1,2,2,18,998,1,16,1
1,9,9,6,0,0,1,6,1,25,1995,2,5,1
1,9,6,8,0,0,1,6,1,25,1995,2,2,1
2,9,18,8,0,0,1,6,1,36,1896,2,8,0
1,9,18,1,0,0,1,2,2,41,1997,2,12,0
1,9,9,8,0,0,1,6,1,40,2494,2,13,1
2,8,18,8,0,0,1,1,1,43,-1,-1,-1,0
1,9,18,2,0,0,1,6,3,-1,-1,-1,-1,1
2,1,18,2,0,0,1,6,1,43,-1,-1,-1,1
1,9,18,1,0,0,1,6,1,69,999,1,5,1
1,9,18,1,1,4,1,6,1,30,1753,2,13,0
2,9,3,1,0,0,1,6,1,70,998,1,2,0
1,9,4,8,0,0,1,6,2,65,1299,1,13,0
2,9,4,8,0,0,1,6,1,51,998,1,9,0
3,9,4,8,0,0,1,6,1,52,1997,2,11,0
1,9,18,8,0,0,1,6,1,69,2354,1,7,1
2,4,18,8,0,0,1,6,1,22,125,1,1,0
1,9,9,8,0,0,1,6,2,28,1968,2,6,1
2,9,18,8,0,0,1,1,2,58,1685,2,1,0
1,9,9,8,0,0,1,6,1,26,1598,1,8,1
2,9,18,8,0,0,1,1,1,39,1910,2,7,0
3,9,18,1,0,0,1,1,1,42,1997,1,2,0
1,9,18,8,0,0,1,6,3,-1,-1,-1,-1,1
2,9,18,8,0,0,1,6,2,40,1598,2,3,0
1,9,18,0,1,10,1,6,1,30,1895,1,15,0
2,9,18,0,0,0,1,1,1,28,1396,2,1,1
1,9,9,5,0,0,1,2,1,30,1988,1,13,1
2,3,18,8,0,0,1,2,1,19,125,1,-1,1
1,9,9,1,0,0,1,6,1,28,-1,-1,-1,0
1,9,18,0,0,0,1,6,2,65,1991,2,10,0
1,9,14,1,0,0,1,2,1,20,1598,1,7,0
1,9,18,0,0,0,1,6,1,46,-1,-1,-1,1
2,9,2,0,0,0,1,6,3,-1,-1,-1,-1,1
1,9,9,5,0,0,1,1,1,22,2967,1,11,1
2,5,18,8,0,0,1,2,1,55,1170,1,6,1
1,9,9,6,0,0,1,6,1,24,2497,2,10,1
2,9,18,8,0,0,1,6,2,47,1995,2,11,1
1,9,9,6,0,0,1,6,1,39,1596,1,9,1
2,3,18,8,0,0,1,6,1,18,-1,-1,-1,1
1,8,5,0,0,0,1,1,1,30,-1,-1,-1,1
1,9,18,1,0,0,1,6,2,30,1388,1,3,0
2,1,18,1,0,0,1,6,2,23,-1,-1,-1,0
1,9,9,6,0,0,1,2,2,29,2204,2,8,0
2,3,18,8,0,0,1,2,1,25,124,1,5,1
1,9,18,1,0,0,1,6,1,52,998,1,3,1
1,9,17,0,0,0,1,2,2,53,998,1,2,1
1,9,18,8,0,0,1,6,3,-1,1598,2,1,1
2,8,18,8,0,0,1,1,1,33,1598,2,3,0
3,9,2,1,0,0,1,6,3,-1,1995,2,4,0
1,9,18,8,0,0,1,1,1,29,-1,-1,-1,1
2,9,18,8,0,0,1,1,1,46,-1,-1,-1,0
1,9,18,8,0,0,1,6,1,71,1389,1,19,1
2,9,18,8,0,0,1,6,1,64,1390,1,17,1
1,9,4,1,0,0,1,6,2,26,1349,1,5,0
2,9,3,1,0,0,1,6,2,47,1591,1,2,0
3,9,3,1,0,0,1,6,1,41,3200,2,13,0
1,9,18,1,0,0,1,6,1,67,1086,1,6,1
2,21,18,1,0,0,1,1,1,42,-1,-1,-1,1
1,8,1,1,0,0,1,1,1,30,1497,8,7,0
1,9,9,5,0,0,1,2,1,18,998,1,13,1
2,3,18,8,0,0,1,6,1,24,124,1,4,1
1,9,16,0,0,0,1,6,1,52,1149,1,11,1
1,9,9,1,0,0,1,2,1,42,1999,1,12,1
2,5,18,1,0,0,1,2,1,32,599,1,11,1
1,3,4,1,0,0,1,2,1,31,124,1,2,1
2,9,4,1,0,0,1,2,2,23,-1,-1,-1,0
1,9,18,2,0,0,1,6,1,21,1197,1,2,0
1,9,18,8,0,0,1,6,1,30,1198,1,7,0
2,19,18,8,0,0,1,1,1,38,1997,2,12,1
3,19,18,8,0,0,1,1,1,43,1998,2,10,1
1,9,18,1,0,0,1,6,1,33,1598,1,11,1
2,9,3,1,0,0,1,6,1,23,1995,2,8,1
3,9,3,1,0,0,1,6,1,40,2496,1,13,0
4,9,3,1,0,0,1,6,1,31,1360,1,9,0
1,9,18,4,1,0,1,6,1,75,1242,1,17,1
1,19,18,8,0,0,1,2,1,44,1560,2,1,0
2,19,18,8,0,0,1,3,2,30,-1,-1,-1,1
1,9,9,5,0,0,1,6,1,23,1229,1,6,1
2,5,13,8,0,0,1,6,1,53,689,1,-1,1
1,9,6,1,0,0,1,6,1,37,1984,1,13,0
2,3,18,1,0,0,1,6,1,21,-1,-1,-1,1
1,1,9,1,0,0,1,1,1,21,-1,-1,-1,1
2,9,18,1,0,0,1,6,1,28,-1,-1,-1,1
1,9,9,1,0,0,1,6,2,30,1461,2,-1,1
2,1,18,1,0,0,1,6,1,50,-1,-1,-1,1
1,9,18,0,0,0,1,4,1,76,-1,-1,-1,1
1,9,9,5,0,0,1,6,1,19,973,1,14,0
2,9,18,8,0,0,1,6,1,48,1896,2,8,0
3,9,10,6,0,0,1,6,1,47,1591,1,3,0
1,1,9,8,0,0,1,6,1,17,-1,-1,-1,1
2,9,18,8,0,0,1,6,1,39,1895,1,15,1
1,3,17,1,1,0,1,6,1,22,124,1,3,1
2,9,10,1,0,0,1,6,1,20,998,1,6,1
1,9,5,0,0,0,1,6,1,34,1796,1,11,0
1,5,13,8,0,0,1,2,1,64,1470,1,12,0
2,9,9,5,0,0,1,2,1,40,2487,2,15,1
1,9,6,1,0,0,1,6,1,32,2183,2,4,0
2,5,18,1,0,0,1,6,1,62,798,1,3,1
1,9,18,2,0,0,1,1,1,33,1796,1,11,1
2,21,18,1,0,0,1,1,1,51,-1,-1,-1,1
1,9,7,8,0,0,1,6,2,33,1998,1,12,0
2,9,18,8,0,0,1,6,1,80,1388,1,12,0
1,9,18,8,0,0,1,6,1,30,1798,1,4,0
2,8,9,8,0,0,1,2,1,50,2664,2,14,0
1,9,18,8,0,0,1,6,1,24,1229,1,5,0
2,18,18,8,0,0,1,6,1,34,-1,-1,-1,1
1,19,18,8,0,0,1,6,1,64,1461,2,4,1
2,9,18,8,0,0,1,1,1,43,-1,-1,-1,1
3,9,18,8,0,0,1,6,1,24,-1,-1,-1,1
1,3,13,8,2,0,1,6,1,20,124,1,3,1
2,9,9,8,0,0,1,6,1,43,1896,2,7,1
1,9,18,8,0,0,1,6,2,38,1598,1,7,0
2,9,3,8,0,0,1,6,2,26,1598,2,-1,0
3,9,10,8,0,0,1,6,2,53,2987,2,2,0
1,9,18,1,0,0,1,6,3,-1,-1,-1,-1,1
1,9,8,6,0,0,1,2,2,47,2987,2,2,1
2,1,16,8,0,0,1,2,1,47,-1,-1,-1,1
1,9,16,8,1,0,1,2,2,34,998,1,13,1
2,9,17,8,0,0,1,1,1,36,1598,1,14,0
1,9,18,8,1,0,1,6,1,71,2149,2,8,0
2,9,10,8,0,0,1,6,1,43,2494,1,11,1
1,9,9,8,0,0,1,1,1,20,1968,2,4,0
2,9,18,8,0,0,1,1,2,40,1598,1,6,1
1,9,9,8,0,0,1,6,1,30,1796,1,14,1
2,9,18,8,0,0,1,3,1,43,1686,2,6,0
1,3,18,8,0,0,1,6,1,20,124,1,3,0
2,90,18,8,0,0,1,1,1,35,2999,2,5,0
1,9,9,8,0,0,1,6,2,43,1242,1,5,1
2,9,18,8,0,0,1,6,1,21,1339,1,11,1
1,9,9,6,0,0,1,6,1,28,998,1,13,0
2,3,18,8,0,0,1,6,1,18,-1,-1,-1,1
1,9,9,5,0,0,1,6,1,78,1498,1,7,1
1,9,9,8,0,0,1,2,1,22,1870,2,10,1
2,9,18,8,1,0,1,6,1,53,2499,2,11,1
1,9,18,2,1,0,1,6,2,37,1242,1,3,1
2,9,18,2,0,0,1,2,2,43,1590,1,16,1
3,9,18,2,0,0,1,6,2,30,-1,-1,-1,0
1,9,9,6,1,0,1,6,2,24,1999,1,7,0
2,9,9,5,1,0,1,6,1,25,1753,2,6,0
1,9,18,0,0,0,1,6,3,-1,-1,-1,-1,1
2,9,18,0,0,0,1,6,1,23,1910,2,8,1
1,9,18,8,0,0,1,6,2,35,1388,1,13,1
2,9,18,8,0,0,1,6,1,42,1560,2,7,1
3,9,3,8,0,0,1,6,1,59,1700,2,14,0
1,9,9,8,0,0,1,6,2,27,1000,1,2,0
2,9,2,2,0,0,1,6,1,51,999,1,6,1
1,19,9,8,0,0,1,6,1,59,1868,2,9,0
2,9,18,8,0,0,1,6,1,33,1560,2,2,1
1,9,7,8,0,0,1,6,2,46,1398,2,11,1
1,9,18,0,0,0,1,2,2,48,1242,1,2,1
1,1,7,6,0,0,1,6,1,22,-1,-1,-1,0
2,9,18,1,0,0,1,6,2,26,998,1,7,1
1,9,16,0,0,0,1,6,1,21,1753,2,9,1
2,9,2,0,0,0,1,6,1,34,1896,2,10,1
1,9,9,6,0,0,1,6,1,33,1984,1,-1,1
2,9,18,8,0,0,1,1,1,24,1598,1,8,1
1,3,13,8,2,0,1,6,1,17,-1,-1,-1,1
2,9,9,8,0,0,1,6,1,25,1349,1,11,0
1,8,18,0,0,0,1,1,1,44,1797,8,4,0
1,9,18,0,0,0,1,6,1,27,1398,2,8,0
2,8,18,0,0,0,1,1,1,36,1896,2,5,1
1,9,9,8,0,0,1,6,1,19,1299,1,10,1
2,9,18,8,0,0,1,6,1,60,1598,1,12,1
1,9,18,8,0,0,1,6,2,77,998,1,17,1
2,9,3,8,0,0,1,6,1,67,2926,2,12,0
1,3,18,8,0,0,1,6,1,25,124,1,12,0
2,9,5,6,0,0,1,2,2,43,1598,1,11,1
1,9,18,1,0,0,1,6,2,33,1598,1,9,0
2,9,18,1,0,0,1,6,2,42,1596,1,11,1
1,9,18,8,0,0,1,6,1,30,-1,-1,-1,1
1,3,13,8,0,0,1,2,1,22,124,1,3,1
2,9,9,5,0,0,1,3,2,31,1598,1,6,0
1,9,9,8,1,0,1,6,1,68,1587,1,6,0
2,9,18,8,1,0,1,1,2,43,1598,1,10,0
3,9,10,8,0,0,1,1,1,75,-1,-1,-1,0
1,19,9,2,0,0,1,6,1,30,-1,-1,-1,0
2,1,18,1,0,0,1,2,1,19,-1,-1,-1,1
1,9,18,0,0,0,1,1,2,27,1397,1,12,0
1,9,18,1,1,10,1,6,1,26,1797,1,16,1
2,9,10,1,0,10,1,6,1,21,1242,1,4,0
3,9,10,1,0,0,1,6,2,40,1461,2,4,1
4,9,10,1,0,0,1,6,2,49,1390,1,8,0
5,9,10,1,0,0,1,6,2,45,1598,1,5,0
1,3,15,0,0,0,1,6,1,18,125,1,8,1
2,9,18,0,0,0,1,6,1,68,1390,1,9,0
1,1,18,8,0,0,1,6,1,29,-1,-1,-1,0
2,9,9,6,0,0,1,6,2,42,1461,2,5,1
1,9,18,0,0,0,1,6,1,28,1781,1,13,1
2,8,6,0,0,0,1,1,1,67,1997,2,1,1
1,9,4,1,0,0,1,6,2,30,-1,-1,-1,0
2,9,3,1,0,0,1,6,2,36,1598,1,5,0
1,90,18,8,1,0,1,1,1,35,2999,2,4,0
2,9,9,8,0,0,1,6,1,31,1399,2,8,1
1,9,9,8,0,0,1,2,2,43,1598,1,5,1
2,9,18,8,0,0,1,2,2,38,1910,2,5,1
1,9,3,8,0,0,1,6,2,30,1229,1,5,1
2,9,9,6,0,0,1,6,2,30,998,1,1,1
1,9,9,8,0,0,1,6,1,31,1242,1,11,1
2,9,18,8,1,0,1,6,1,25,1968,2,11,1
1,90,18,1,0,0,1,6,3,-1,-1,-1,-1,1
2,9,18,1,0,0,1,6,2,44,1598,1,6,1
3,9,2,1,0,0,1,6,1,47,2231,2,7,0
1,9,7,8,0,0,1,6,1,53,1994,2,12,0
2,9,18,8,0,0,1,6,1,22,1896,2,14,0
1,9,6,8,0,0,1,6,1,30,1497,1,14,1
2,4,18,8,0,0,1,6,1,22,644,1,10,1
1,9,14,1,0,0,1,2,1,40,1560,2,3,1
1,1,18,8,0,0,1,6,1,11,-1,-1,-1,1
2,9,18,8,0,0,1,6,1,71,2435,1,16,0
1,9,18,0,0,0,1,6,2,80,1598,2,-1,0
1,9,18,0,0,0,1,6,3,-1,-1,-1,-1,1
1,9,18,8,0,0,1,6,1,19,1328,1,5,0
2,9,18,8,0,0,1,6,1,51,1398,1,8,1
1,5,14,0,0,0,1,6,1,23,899,1,16,1
2,9,10,0,0,0,1,6,1,80,1998,1,10,0
3,9,2,0,0,4,1,6,1,40,1686,2,9,0
1,9,2,8,0,0,1,6,1,23,2204,2,8,0
2,9,7,8,0,0,1,6,3,-1,1198,1,12,1
1,5,18,8,0,0,1,6,1,22,-1,-1,-1,1
2,9,9,8,0,0,1,1,1,65,1560,2,5,0
1,9,9,8,0,0,1,3,2,31,1596,1,-1,1
2,3,18,8,0,0,1,2,1,24,125,1,-1,1
1,21,18,1,0,0,1,1,1,37,12419,2,1,1
1,9,14,0,0,0,1,6,2,50,1386,1,8,1
1,9,18,2,0,0,1,6,2,31,998,1,2,1
1,9,7,8,0,0,1,1,1,53,1198,1,10,1
2,1,18,8,0,0,1,1,1,51,-1,-1,-1,0
1,9,18,0,5,10,1,6,1,45,1598,1,11,0
2,9,2,0,0,0,1,6,1,29,1198,1,1,0
1,9,18,1,0,0,1,6,3,-1,2184,2,11,1
2,2,18,1,1,0,1,6,1,21,125,1,1,1
1,9,18,8,0,0,1,6,1,46,1461,2,1,1
2,19,18,8,0,0,1,6,1,42,1896,2,7,1
1,1,9,8,0,0,1,6,1,23,-1,-1,-1,0
2,9,18,8,0,0,1,6,2,76,1396,1,1,0
1,9,9,8,0,0,1,2,1,39,-1,-1,-1,1
2,3,18,8,0,0,1,2,1,23,125,1,10,0
1,9,18,8,0,0,1,6,1,70,-1,-1,-1,1
2,9,18,8,0,0,1,6,2,46,2000,1,11,1
1,9,9,6,0,0,1,6,1,45,1900,2,10,1
1,9,18,1,0,0,1,1,1,71,1582,2,2,0
1,9,17,0,1,0,1,6,1,28,1360,1,12,1
2,9,16,0,0,0,1,6,1,32,1198,1,8,1
1,19,18,0,0,0,1,6,1,59,1560,2,-1,1
2,9,18,0,0,0,1,6,1,41,1994,1,11,1
3,19,3,0,0,0,1,1,1,51,-1,-1,-1,1
1,9,18,0,0,0,1,6,2,28,1339,1,7,1
1,9,18,8,0,0,1,6,1,24,1362,1,2,0
2,9,18,8,0,0,1,6,1,65,1598,2,1,0
1,9,18,1,1,0,1,6,3,-1,1396,1,19,0
2,9,7,1,0,0,1,6,1,47,1796,1,14,1
1,9,17,8,0,0,1,6,3,-1,-1,-1,-1,1
2,11,18,3,0,0,1,1,2,30,-1,-1,-1,1
1,9,18,1,0,0,1,6,1,51,1896,2,14,1
1,90,18,8,0,0,1,1,1,32,2999,2,3,0
2,9,18,8,0,0,1,6,2,45,1197,1,-1,0
1,9,18,8,0,0,1,6,1,55,1988,1,14,1
1,19,9,8,0,0,2,1,1,27,-1,-1,-1,0
2,3,18,8,0,0,1,1,1,22,124,1,7,1
1,9,18,1,0,0,1,6,1,73,1796,1,14,1
1,9,18,1,0,10,1,1,2,52,1389,1,19,1
1,9,1,2,0,0,1,6,1,64,1499,1,-1,0
2,9,2,2,0,0,1,6,3,-1,1995,2,12,0
1,9,9,8,0,0,1,2,2,46,1984,1,13,0
2,3,18,8,0,0,1,2,1,38,124,1,2,0
1,19,18,6,0,0,1,1,1,24,2198,2,7,0
2,9,18,8,0,0,1,6,2,33,1360,1,12,1
3,9,2,1,0,0,1,6,2,32,1242,1,8,1
1,9,18,6,0,0,1,6,1,35,1600,1,16,1
2,9,18,8,0,0,1,1,1,58,1598,2,5,1
1,9,15,2,0,0,1,6,1,30,1798,1,9,1
2,1,15,2,0,0,1,6,1,16,-1,-1,-1,1
1,9,9,6,0,0,1,6,1,36,1968,2,8,0
2,19,18,8,0,0,1,6,1,46,2148,2,9,0
1,9,18,8,0,0,1,6,2,26,1598,1,10,0
2,9,9,8,0,0,1,6,1,21,-1,-1,-1,1
1,21,18,1,0,0,1,6,1,30,11705,2,14,1
1,9,9,6,0,0,1,6,1,76,1396,1,6,1
2,9,18,8,0,0,1,6,1,22,1229,1,1,1
1,9,9,6,0,0,1,1,2,37,1560,2,2,0
2,3,18,8,0,0,1,6,1,46,125,1,8,0
1,9,18,8,0,0,1,6,2,21,-1,-1,-1,1
1,9,9,6,0,0,1,6,1,30,1598,1,13,0
2,9,18,8,0,0,1,6,1,34,2000,1,16,1
1,21,7,8,0,0,1,1,1,44,12740,2,1,1
2,9,18,8,0,0,1,6,1,47,1598,1,11,0
1,9,9,8,0,0,1,6,2,64,1242,1,-1,0
1,9,9,5,0,0,1,1,1,50,1797,8,3,0
2,1,18,8,0,0,1,2,1,53,-1,-1,-1,1
3,9,8,1,0,0,1,3,1,45,2179,2,8,1
1,9,4,8,0,0,1,1,1,30,1598,1,12,0
1,9,18,0,0,4,1,6,2,18,1242,1,2,1
2,9,2,0,0,0,1,6,3,-1,998,1,11,1
3,9,2,0,0,0,1,6,3,-1,3960,1,18,1
1,9,18,0,0,0,1,3,1,47,1242,1,13,1
1,9,9,6,0,0,1,6,1,35,1275,1,21,1
2,9,17,8,0,0,1,6,1,70,2685,2,12,1
1,9,18,1,1,0,1,6,2,19,1398,2,7,0
2,9,18,2,0,0,1,6,1,44,1910,2,7,0
1,9,9,6,0,0,1,6,3,34,1360,1,13,0
2,3,18,8,0,0,1,6,1,53,124,1,10,1
1,9,4,8,0,0,1,6,1,25,2143,2,2,1
1,9,4,8,0,0,1,6,1,32,1989,1,16,1
2,1,18,8,2,0,1,6,1,15,-1,-1,-1,1
1,9,18,1,0,0,1,6,1,30,1397,1,13,0
2,9,3,1,0,0,1,1,1,46,1896,2,6,0
1,9,13,0,0,0,1,6,1,34,1984,1,15,1
2,1,18,0,0,0,1,1,1,49,-1,-1,-1,0
1,9,17,0,0,0,1,6,1,74,1591,1,3,1
2,9,2,0,0,0,1,6,1,54,-1,-1,-1,1
1,9,18,8,0,0,1,6,1,24,2316,1,28,1
2,9,18,1,0,0,1,6,1,38,1753,2,12,0
1,9,3,0,0,0,1,6,2,33,1229,1,8,1
2,9,18,0,0,0,1,6,2,25,1396,1,6,1
1,9,12,1,0,0,1,6,1,63,1991,2,4,1
2,11,18,1,0,0,1,1,1,50,4461,2,2,1
1,9,7,4,0,0,1,1,1,30,-1,-1,-1,1
2,9,7,4,0,0,1,1,1,38,1335,1,32,1
1,8,13,0,0,0,1,6,1,30,-1,-1,-1,0
2,9,18,0,0,0,1,6,2,57,1595,1,8,0
1,9,16,0,5,10,1,6,1,21,-1,-1,-1,0
2,9,16,0,0,0,1,6,1,21,2199,2,5,1
1,9,18,2,0,0,1,2,2,47,1248,1,1,1
1,9,11,1,0,0,1,2,2,27,1240,1,10,1
2,9,18,1,0,0,1,2,2,31,-1,-1,-1,1
3,90,4,1,0,0,1,2,1,26,-1,-1,-1,0
1,19,9,6,0,0,1,6,3,-1,1560,2,1,0
2,9,18,8,0,0,1,6,1,56,1388,1,14,1
1,1,18,4,0,0,1,3,1,50,-1,-1,-1,0
2,9,18,4,0,0,1,1,2,34,1598,1,7,1
1,9,9,1,1,0,1,1,1,47,1598,1,12,1
2,9,3,1,0,0,1,6,1,44,1560,2,2,1
1,9,9,6,0,0,1,6,1,62,1997,2,13,0
1,9,9,8,0,0,1,6,2,27,1598,1,9,0
2,9,18,8,0,0,1,1,1,37,1896,2,8,0
3,9,2,2,0,0,1,6,3,32,2967,2,9,0
1,9,18,8,1,0,1,1,2,53,998,1,2,0
2,9,18,8,1,0,1,2,1,24,1242,1,16,1
1,9,18,8,1,0,1,6,2,44,1461,2,11,0
2,9,9,8,0,0,1,4,2,18,998,1,7,1
1,19,6,0,0,0,1,2,1,43,2299,2,18,0
2,2,15,0,0,0,1,2,1,16,50,1,11,1
1,9,9,8,0,0,1,6,1,69,-1,-1,-1,0
2,9,18,8,0,0,1,6,2,51,1587,1,11,0
1,19,18,5,0,0,1,1,1,20,1995,2,2,1
2,9,18,5,0,0,1,6,2,44,1598,1,9,0
1,9,5,1,1,0,1,6,1,31,-1,-1,-1,0
2,9,2,1,0,0,1,6,2,34,998,1,5,1
1,9,17,2,0,0,1,1,1,40,-1,-1,-1,1
2,9,17,1,0,0,1,6,2,26,1296,1,8,1
1,9,18,8,0,0,1,6,1,57,-1,-1,-1,0
2,19,9,8,0,0,1,1,1,25,2287,2,8,0
1,2,18,8,1,0,1,6,1,16,-1,-1,-1,0
2,19,9,6,0,0,1,6,1,30,-1,-1,-1,1
1,9,9,8,0,0,1,6,1,19,1596,1,4,1
2,1,18,8,0,0,1,6,1,44,-1,-1,-1,1
1,9,16,0,0,0,1,6,1,19,-1,-1,-1,1
2,19,2,0,0,0,1,6,3,-1,-1,-1,-1,1
3,9,2,0,0,0,1,6,3,-1,1999,1,7,1
4,9,2,0,0,0,1,6,3,-1,1560,2,8,1
1,9,18,1,0,0,1,1,1,30,1396,2,1,1
2,9,18,1,0,0,1,1,1,30,-1,-1,-1,1
1,9,10,1,0,0,1,6,1,64,1299,1,10,0
2,5,18,1,0,0,1,6,1,37,750,1,16,0
1,9,18,8,0,0,1,2,2,61,1364,1,5,0
2,1,18,8,0,0,1,6,1,26,-1,-1,-1,1
1,9,14,5,0,0,1,6,1,30,1997,2,11,1
2,9,10,1,0,0,1,6,2,29,-1,-1,-1,1
1,9,18,2,0,0,1,2,2,19,1242,1,12,1
1,9,18,8,0,0,1,6,3,-1,1998,1,5,0
2,3,18,8,0,0,1,1,1,23,125,1,6,0
1,9,16,4,0,0,1,6,1,39,1248,1,2,1
2,9,16,4,0,0,1,6,2,40,1329,1,3,0
1,9,18,8,1,0,1,6,1,33,-1,-1,-1,1
2,8,9,8,0,0,1,1,1,44,2402,2,9,1
1,9,9,5,0,0,1,6,2,45,1560,2,1,0
2,9,18,8,0,0,1,6,1,33,-1,-1,-1,0
1,9,9,6,0,0,1,6,1,17,1968,2,4,0
2,9,18,1,0,0,1,6,2,55,998,1,13,1
1,9,18,1,0,0,1,6,1,57,1596,1,3,1
1,9,7,5,0,0,1,6,1,30,1796,2,1,0
1,9,18,0,0,0,1,6,1,30,-1,-1,-1,1
1,21,7,5,0,0,1,1,1,55,6370,2,8,1
2,90,18,2,0,0,1,6,2,79,-1,-1,-1,1
1,9,7,5,0,0,1,2,2,54,-1,-1,-1,1
2,1,18,8,0,0,1,2,1,36,-1,-1,-1,1
1,9,9,8,0,0,1,6,3,-1,-1,-1,-1,1
2,9,4,8,0,0,1,6,1,21,1360,1,10,0
1,9,9,3,0,0,1,6,1,76,1560,2,2,0
2,9,2,2,0,0,1,6,2,35,998,1,6,0
3,9,2,2,0,0,1,6,3,-1,-1,-1,-1,1
1,19,9,5,0,0,1,6,1,50,-1,-1,-1,1
1,9,9,5,0,0,1,6,2,30,1798,1,5,1
2,1,4,8,0,0,1,6,1,30,-1,-1,-1,1
1,9,7,5,1,0,1,6,1,22,1968,2,7,0
2,9,4,1,0,0,1,2,1,54,-1,-1,-1,0
1,9,14,0,0,0,1,2,2,27,1390,1,2,1
1,9,9,5,0,0,1,6,1,79,1997,2,11,0
2,5,18,8,1,0,1,6,1,50,650,1,16,1
3,9,18,8,0,0,1,1,1,55,1997,2,7,1
1,5,18,1,0,12,1,2,1,52,1200,1,17,1
1,11,18,2,0,0,1,1,1,59,5883,2,14,0
1,9,9,8,0,7,1,6,2,76,1753,2,13,1
2,9,18,8,0,0,1,2,2,35,1582,2,3,1
1,9,4,0,0,0,1,6,2,22,998,1,8,1
2,9,4,0,0,0,1,6,2,21,998,1,1,1
1,9,9,8,0,0,1,6,1,25,-1,-1,-1,1
2,9,18,1,0,0,1,6,1,51,2099,2,8,1
1,19,14,0,0,0,1,2,1,60,-1,-1,-1,0
1,9,9,8,0,0,1,2,1,24,1364,1,1,0
2,5,13,8,0,0,1,2,1,33,599,1,17,0
1,9,18,8,0,0,1,6,1,40,1986,2,8,1
2,9,9,8,0,0,1,6,1,60,1995,2,11,1
1,1,7,6,2,0,1,6,1,6,-1,-1,-1,1
2,9,18,8,0,0,1,6,1,46,1686,2,2,1
1,9,5,8,0,0,1,6,1,39,1339,1,10,0
2,5,18,8,0,0,1,6,1,19,599,1,16,0
3,9,18,8,0,0,1,6,1,19,1390,1,6,1
1,9,4,1,0,0,1,6,1,45,1685,2,3,0
1,9,6,8,0,0,1,6,1,50,998,1,17,1
2,9,18,8,0,0,1,6,1,36,1988,1,10,1
3,9,8,6,0,0,1,6,1,28,1796,1,7,1
1,1,18,8,0,0,1,1,1,30,-1,-1,-1,0
2,9,9,8,0,0,1,6,1,27,1956,2,3,0
1,9,18,8,0,0,1,6,1,24,1896,2,13,0
2,8,18,8,1,0,1,6,1,33,1598,2,5,0
3,9,2,2,0,0,1,6,1,22,1998,2,7,0
1,21,18,0,0,0,1,1,1,30,8970,2,8,1
2,9,18,0,0,0,1,6,2,50,1149,1,12,1
1,9,7,6,0,0,1,6,2,40,1598,1,7,1
2,9,18,8,0,0,1,6,1,90,1598,1,7,1
1,9,7,1,0,0,1,6,1,33,2000,1,10,1
2,9,4,1,0,0,1,6,1,62,1461,2,1,1
1,9,18,8,0,0,1,2,2,58,1332,1,18,0
2,9,18,8,0,0,1,1,1,57,1997,2,7,0
1,9,18,0,0,0,1,1,1,59,-1,-1,-1,0
2,1,18,0,0,0,1,1,1,52,-1,-1,-1,1
1,9,9,8,0,0,1,6,1,45,1560,2,1,1
2,9,18,8,0,0,1,1,2,44,1900,2,10,1
1,9,9,8,0,0,1,1,1,26,1199,1,13,1
2,9,18,8,0,0,1,2,2,42,1242,1,2,0
1,9,18,2,0,0,1,6,3,-1,-1,-1,-1,0
2,19,3,2,0,0,1,1,1,52,1598,2,4,1
3,21,18,1,0,0,1,1,1,30,-1,-1,-1,0
1,9,9,8,0,0,1,6,1,86,1388,1,10,1
2,9,18,8,0,0,1,6,2,21,1299,1,8,1
1,9,18,8,0,10,1,6,3,-1,-1,-1,-1,0
1,9,4,0,0,0,1,6,2,30,2171,1,11,0
2,9,18,0,0,0,1,6,1,60,1596,1,8,0
1,9,6,0,0,0,1,6,1,84,1840,1,15,1
2,9,18,0,0,0,1,1,2,44,1686,2,3,1
1,9,18,2,0,0,1,1,1,41,1998,1,13,0
1,9,18,0,0,0,1,6,1,53,2685,2,11,1
2,5,18,0,0,0,1,6,1,47,1084,1,13,1
1,9,9,8,0,0,1,1,1,30,1896,2,12,1
2,9,18,8,0,0,1,2,2,42,1229,1,3,1
3,9,18,8,0,0,1,2,1,22,1149,1,10,1
1,9,9,6,0,0,1,6,1,52,1598,1,7,1
2,4,18,2,0,0,1,6,1,20,689,1,1,0
1,9,18,1,0,0,1,6,1,85,1332,1,16,0
2,9,2,1,0,0,1,6,3,-1,1560,2,2,0
1,9,9,6,0,0,1,6,1,81,1598,1,7,1
2,1,18,8,0,0,1,6,1,63,-1,-1,-1,1
1,9,18,0,0,0,1,6,1,38,-1,-1,-1,1
2,9,2,0,0,0,1,6,3,-1,-1,-1,-1,1
1,9,18,0,0,0,1,6,1,45,1896,2,10,0
2,1,18,0,0,0,1,6,1,47,-1,-1,-1,0
1,9,18,0,0,10,1,6,1,19,973,1,15,1
1,9,9,6,0,0,1,6,2,42,1997,2,6,0
2,9,18,8,0,0,1,6,2,76,1339,1,2,1
1,9,16,2,0,0,1,6,1,22,1956,2,3,1
2,20,17,1,3,0,1,1,1,30,4764,2,5,1
1,9,4,0,0,0,1,6,1,41,-1,-1,-1,0
1,9,9,6,0,0,1,6,1,21,1390,1,1,1
2,9,18,8,0,0,1,6,1,20,1796,1,8,1
3,9,18,8,0,0,1,6,1,34,1495,1,13,1
1,9,18,0,0,0,1,6,3,-1,-1,-1,-1,1
2,1,18,0,0,0,1,6,1,25,-1,-1,-1,1
1,5,18,8,0,0,1,6,1,48,781,1,13,1
2,9,9,8,0,0,1,6,1,59,1999,1,12,0
1,9,10,1,0,0,1,3,2,28,1499,1,10,0
2,8,4,1,0,0,1,6,1,28,1560,2,7,0
1,9,7,5,0,0,1,6,3,-1,-1,-1,-1,1
2,1,18,8,0,0,1,6,1,32,-1,-1,-1,1
1,9,18,1,0,0,1,6,1,36,1595,1,8,1
1,9,18,1,0,0,1,1,1,19,1390,1,7,1
2,9,18,1,0,0,1,2,1,22,1242,1,1,0
3,11,2,1,0,0,1,1,1,57,871,2,16,0
1,9,10,1,0,0,1,1,1,27,-1,-1,-1,1
2,5,18,8,1,0,1,1,1,33,599,1,7,0
1,9,18,2,0,0,1,2,2,23,1242,1,2,1
2,8,4,2,0,0,1,6,1,40,1798,1,4,1
1,9,18,0,5,0,1,2,1,41,1753,2,10,1
2,9,2,0,0,0,1,6,3,-1,-1,-1,-1,0
3,9,2,0,0,0,1,6,3,-1,1461,2,10,0
1,9,1,1,0,0,1,6,1,30,2200,1,14,0
1,9,16,8,0,0,1,6,1,22,1997,2,9,0
2,9,2,1,0,0,1,6,3,-1,-1,-1,-1,0
3,9,2,1,0,0,1,6,3,-1,2495,2,16,1
4,9,18,1,0,0,1,6,1,48,1995,2,2,0
1,9,18,1,0,0,1,6,2,24,1598,1,11,1
2,9,4,1,0,0,1,6,2,52,1388,1,4,0
3,9,4,1,0,0,1,6,2,44,-1,-1,-1,1
1,1,18,0,0,0,1,2,1,55,-1,-1,-1,0
2,9,2,0,0,0,1,6,1,30,-1,-1,-1,0
1,9,9,5,0,0,1,2,2,38,1364,1,8,1
2,9,18,8,0,0,1,6,1,54,1598,1,10,0
1,9,18,1,0,0,1,1,1,40,1998,2,9,0
2,1,18,6,0,0,1,6,2,10,-1,-1,-1,1
1,5,14,8,0,0,1,1,1,19,599,1,16,1
2,9,9,5,0,0,1,6,2,23,1242,1,1,1
1,9,16,2,0,7,1,6,2,60,1242,1,3,0
1,1,18,8,0,0,1,4,1,14,-1,-1,-1,0
2,9,18,8,0,0,1,6,1,30,-1,-1,-1,0
1,9,18,0,0,0,1,2,2,35,1149,1,10,1
2,5,18,0,0,0,1,6,1,23,750,1,3,1
3,9,2,0,0,0,1,6,3,34,1199,1,14,1
1,9,18,0,0,0,1,1,1,35,1587,1,8,1
1,9,9,8,0,0,1,2,1,44,2099,1,13,1
2,9,18,8,0,0,1,6,2,27,1598,2,4,0
1,9,18,0,0,0,1,6,2,38,998,1,-1,0
1,9,16,0,1,0,1,6,1,30,-1,-1,-1,0
2,9,2,0,0,0,1,1,1,42,-1,-1,-1,1
3,9,18,0,0,0,1,1,1,30,1582,2,2,1
1,9,18,8,0,0,1,6,2,58,1995,1,5,1
2,1,18,8,0,0,1,6,2,26,-1,-1,-1,1
1,9,18,8,0,0,2,1,1,30,-1,-1,-1,0
2,1,18,8,0,0,1,1,1,30,-1,-1,-1,0
1,21,3,1,0,0,1,1,1,24,10800,2,14,1
2,9,3,1,0,0,1,6,1,49,-1,-1,-1,0
3,9,7,1,0,0,1,6,2,41,1560,2,10,1
1,9,4,1,0,0,1,1,1,71,1997,2,1,1
2,1,4,1,2,0,1,1,1,71,-1,-1,-1,0
1,9,16,0,1,0,1,6,1,20,1199,1,14,0
1,9,18,1,0,10,1,6,2,72,1339,1,2,0
2,9,2,1,0,0,1,6,1,51,1988,1,10,1
3,20,3,1,0,0,1,1,1,25,-1,-1,-1,1
1,9,18,8,0,0,1,6,1,17,1229,1,8,0
2,9,18,8,0,0,1,6,1,34,1997,2,1,1
1,5,18,2,0,0,1,1,1,55,1250,1,10,1
1,9,3,0,0,0,1,6,1,66,1299,1,17,1
2,1,15,0,0,0,1,6,1,76,-1,-1,-1,1
1,9,18,2,0,0,1,6,1,32,-1,-1,-1,1
1,9,18,0,0,0,1,6,1,26,1995,2,1,1
1,9,3,8,0,0,1,6,2,48,1598,1,12,0
2,19,18,8,0,0,1,6,1,56,2488,2,5,0
1,4,2,0,0,0,1,6,1,40,400,1,5,0
2,9,17,0,1,0,1,6,1,28,1968,2,2,1
1,9,16,0,2,0,1,6,1,35,1389,1,14,1
2,9,17,0,0,0,1,6,1,31,1968,2,4,1
1,9,18,1,0,0,1,1,1,45,1986,2,8,1
1,11,18,8,0,0,1,6,1,46,9000,2,11,0
1,9,5,4,0,0,1,6,2,43,1197,1,2,0
2,1,18,8,0,0,1,6,1,51,-1,-1,-1,1
1,9,18,8,0,0,1,6,2,57,1339,1,7,0
2,9,18,8,0,0,1,6,3,-1,1299,1,8,1
1,9,9,8,0,0,1,6,2,56,1489,1,18,1
2,4,18,8,0,0,1,6,1,61,-1,-1,-1,1
1,9,9,1,0,0,1,1,2,25,1341,1,10,0
2,9,18,1,0,0,1,1,1,20,1242,1,-1,1
1,9,7,3,2,7,1,6,2,40,2198,1,13,1
2,11,4,4,0,0,1,1,1,41,6700,2,7,1
1,9,5,0,0,0,1,6,1,20,1995,2,8,1
2,9,14,0,0,0,1,6,1,43,1997,2,12,1
1,9,9,8,0,0,1,2,1,32,1995,2,3,1
2,1,18,8,0,0,1,6,1,45,-1,-1,-1,0
1,9,9,6,0,0,1,6,2,50,1896,2,9,0
2,9,18,8,0,0,1,6,2,24,1598,2,-1,0
1,9,18,8,0,0,1,6,1,72,1598,2,1,1
2,9,4,8,0,0,1,6,1,56,1560,2,4,1
3,9,3,8,0,0,1,6,1,47,1498,1,15,1
1,3,18,1,5,0,1,6,1,27,124,1,13,1
2,9,10,1,0,0,1,6,2,55,1242,1,1,0
1,2,18,0,0,0,1,1,1,16,49,1,3,0
1,9,18,8,1,0,1,6,2,52,1598,1,6,1
1,11,18,2,0,0,1,1,1,54,4580,2,6,0
1,9,9,1,0,0,1,2,2,57,1124,1,13,1
2,1,18,1,1,0,1,6,1,26,-1,-1,-1,1
1,9,18,0,0,0,1,6,3,-1,-1,-1,-1,1
1,1,18,8,0,0,1,6,1,7,-1,-1,-1,0
2,9,7,1,0,0,1,2,1,29,1598,1,9,0
1,9,1,0,0,0,1,6,3,-1,2143,2,-1,0
1,9,17,8,0,0,1,6,1,56,1124,1,18,0
2,9,16,8,0,0,1,6,2,30,2521,1,9,0
1,9,18,1,0,0,1,6,1,42,-1,-1,-1,1
1,9,7,8,0,0,1,6,3,-1,-1,-1,-1,0
1,9,1,8,0,0,1,1,1,30,998,1,14,1
1,9,18,8,0,0,1,6,1,24,1896,2,10,0
2,4,18,8,0,0,1,6,1,18,50,1,8,1
1,9,9,2,0,0,1,6,2,30,1242,1,8,0
2,9,4,1,0,0,1,6,2,22,1242,1,10,0
1,9,5,2,0,0,1,1,2,56,1362,1,3,1
1,9,18,8,0,0,1,6,1,21,1598,2,-1,0
2,9,18,8,1,0,1,6,1,23,1900,2,9,0
1,9,18,2,0,0,1,6,2,40,1995,2,11,1
1,5,18,8,0,0,1,2,1,29,1360,1,20,1
2,9,6,8,0,0,1,2,1,67,1299,1,10,1
1,9,18,0,0,0,1,6,1,19,1299,1,12,0
1,3,18,2,0,0,1,6,1,19,125,1,2,0
2,9,5,2,0,0,1,6,1,27,1968,2,1,0
1,9,18,8,0,0,1,6,2,34,1242,1,16,1
1,19,15,0,0,0,1,1,1,44,-1,-1,-1,1
2,1,4,0,0,0,1,1,1,58,-1,-1,-1,1
1,9,7,8,0,0,1,6,1,75,1998,1,13,1
1,9,5,6,0,0,1,6,2,30,1997,2,15,1
2,9,18,8,0,0,1,1,1,55,6208,1,1,1
1,9,9,8,0,0,1,6,2,76,1339,1,3,1
2,1,18,8,0,0,1,6,1,50,-1,-1,-1,1
1,3,13,1,0,0,1,2,1,28,125,1,4,1
2,8,18,1,0,0,1,1,1,30,-1,-1,-1,0
1,9,7,8,0,0,1,1,1,37,-1,-1,-1,0
2,1,18,8,0,0,1,6,1,28,-1,-1,-1,0
1,9,9,6,0,0,1,6,1,25,1598,1,-1,1
2,9,18,8,1,0,1,6,2,53,1349,1,15,1
1,9,3,1,0,0,1,6,2,33,1199,1,14,1
2,9,18,1,0,0,1,6,1,30,1388,1,7,1
1,3,13,8,2,0,1,2,1,17,125,1,-1,0
2,19,9,8,0,0,1,1,1,47,2198,2,1,0
1,1,18,1,0,0,1,6,2,59,-1,-1,-1,1
2,11,18,1,0,0,1,6,3,30,-1,-1,-1,0
1,9,5,8,0,0,1,6,2,17,1599,1,7,1
2,9,18,8,0,0,1,4,2,17,1242,1,3,1
1,9,12,1,0,0,1,6,1,53,1796,1,11,0
2,3,18,1,0,0,1,2,1,50,125,1,4,0
1,9,18,0,0,0,1,6,1,72,1598,2,1,0
2,9,18,0,0,0,1,6,2,22,1299,1,9,1
3,9,18,0,0,0,1,6,2,51,2987,2,2,1
1,9,18,1,1,0,1,6,2,30,-1,-1,-1,0
1,9,9,8,0,0,1,6,1,51,1896,2,10,1
2,1,18,8,0,0,1,6,2,40,-1,-1,-1,1
1,9,3,1,0,0,1,6,2,36,1997,2,3,1
2,9,18,1,0,0,1,6,1,30,2698,2,7,1
1,21,13,3,0,0,1,6,1,30,-1,-1,-1,1
2,90,16,3,0,0,1,1,1,38,-1,-1,-1,1
1,9,5,8,0,0,1,6,1,63,1970,1,14,0
2,1,16,8,0,0,1,6,1,39,-1,-1,-1,0
1,8,18,1,0,7,1,1,1,30,-1,-1,-1,0
1,9,5,0,0,0,1,6,1,18,1399,1,7,1
2,5,18,0,0,0,1,1,1,27,600,1,14,1
1,9,18,0,0,0,1,6,2,30,1796,1,8,1
1,19,9,8,0,0,1,1,1,63,-1,-1,-1,1
2,9,18,8,0,0,1,6,2,66,1242,1,2,0
1,9,18,8,0,0,1,6,1,28,1994,1,13,0
2,9,9,8,0,0,1,6,2,50,1595,1,8,1
1,11,18,0,0,0,1,1,1,47,-1,-1,-1,0
1,9,18,8,1,0,1,6,1,30,2143,2,-1,1
1,9,9,8,0,0,1,6,2,39,-1,-1,-1,1
2,1,17,8,0,0,1,6,1,27,-1,-1,-1,1
1,9,7,8,0,0,1,6,1,51,1998,2,13,0
2,1,18,8,0,0,1,6,1,37,-1,-1,-1,1
1,9,9,8,0,0,1,6,2,46,1910,2,11,1
2,1,18,8,0,0,1,6,1,60,-1,-1,-1,1
1,9,5,2,0,0,1,6,1,41,1461,2,2,1
1,9,9,5,0,0,1,6,2,45,1997,2,11,1
2,1,18,8,0,0,1,6,1,31,-1,-1,-1,1
1,9,12,1,0,0,1,6,2,46,1596,1,15,0
2,1,14,1,0,0,1,6,1,43,-1,-1,-1,0
1,9,18,8,0,0,1,6,1,67,-1,-1,-1,0
2,21,2,8,0,0,1,1,1,30,9200,2,9,1
1,9,18,0,0,0,1,6,1,88,1796,1,10,1
1,90,18,1,0,0,1,1,1,68,-1,3,-1,1
2,1,18,1,0,0,1,2,1,59,-1,-1,-1,1
1,9,18,2,0,0,1,6,1,22,4293,1,11,0
2,9,18,1,0,0,1,6,1,26,2993,2,8,0
1,9,18,8,1,0,1,2,1,32,1910,2,9,1
2,19,18,8,0,0,1,2,1,33,1560,2,1,0
3,9,18,8,0,0,1,2,1,33,1968,2,7,1
1,9,16,2,0,0,1,6,2,56,1995,2,4,1
2,9,2,2,0,0,1,6,1,56,999,1,6,1
1,9,18,1,0,0,1,6,2,24,1197,1,5,0
2,9,18,1,0,0,1,6,2,31,1124,1,10,0
1,9,18,0,0,0,1,6,1,38,2500,6,16,0
1,9,7,6,0,0,1,6,2,67,1242,1,5,0
2,1,18,8,0,0,1,6,1,32,-1,-1,-1,0
1,19,11,0,0,0,1,1,1,23,1995,2,1,1
2,5,18,0,5,10,1,6,1,43,675,1,8,1
1,9,9,8,0,0,1,6,1,48,1798,1,6,1
2,1,14,8,0,0,1,6,1,54,-1,-1,-1,1
1,9,4,2,0,0,1,6,2,60,1685,2,1,1
2,9,18,2,0,0,1,6,2,66,998,1,2,1
1,19,10,6,0,0,1,6,1,30,-1,-1,-1,0
2,1,18,8,0,0,1,6,1,53,-1,-1,-1,0
1,9,18,1,0,0,1,6,2,84,1997,2,14,0
2,19,3,1,0,0,1,6,1,49,2402,2,14,0
1,9,9,6,0,0,1,6,2,26,-1,-1,-1,0
2,4,18,1,2,0,1,6,1,25,487,1,16,1
1,9,9,6,0,0,1,2,2,55,998,1,1,1
2,3,18,8,0,0,1,2,2,17,124,1,30,0
1,9,4,0,0,0,1,6,1,21,1388,1,11,1
2,9,4,0,0,0,1,6,1,52,1600,2,5,1
1,9,9,5,0,0,1,6,2,58,1598,1,7,1
1,9,3,1,0,0,1,1,1,30,2000,2,5,1
2,9,3,1,0,0,1,6,1,78,1339,1,7,1
3,9,3,1,0,0,1,6,2,46,-1,-1,-1,1
1,9,16,8,0,0,1,1,2,65,-1,-1,-1,0
1,9,18,0,0,0,1,6,3,-1,-1,-1,-1,0
1,9,18,1,0,0,1,6,1,30,-1,-1,-1,0
1,9,9,8,0,0,1,6,1,28,999,1,-1,1
2,9,18,8,0,0,1,6,1,20,1390,1,13,1
1,9,9,8,0,0,1,6,1,32,1995,2,-1,1
2,1,18,8,0,0,1,6,1,32,-1,-1,-1,1
1,9,9,6,0,0,1,6,2,53,998,1,3,0
2,4,18,8,0,0,1,1,1,22,125,1,8,0
1,9,18,0,0,0,1,6,1,30,-1,-1,-1,1
2,9,2,0,0,0,1,6,2,65,1364,1,3,0
1,9,9,8,0,0,1,6,1,24,2143,2,1,1
2,1,18,8,0,0,1,2,1,30,-1,-1,-1,1
1,1,18,2,0,0,1,6,1,13,-1,-1,-1,1
2,9,7,2,0,0,1,6,1,56,1596,1,8,0
1,9,5,1,0,0,1,6,1,67,-1,-1,-1,1
2,1,18,1,0,0,1,6,2,27,-1,-1,-1,1
1,9,9,2,0,0,1,6,1,30,-1,-1,-1,1
1,9,16,1,0,4,1,6,2,50,1242,1,9,1
2,8,2,1,0,0,1,6,3,-1,1461,2,2,1
3,9,2,1,0,0,1,6,3,-1,1998,2,6,1
1,9,18,0,0,0,1,1,1,31,-1,-1,-1,0
1,9,18,1,0,0,1,6,3,-1,-1,-1,-1,0
2,9,18,1,0,0,1,6,1,30,-1,-1,-1,0
3,9,18,1,0,0,1,2,2,33,2198,1,7,1
1,3,11,0,0,0,1,6,1,31,-1,-1,-1,1
2,9,18,0,0,0,1,6,1,25,-1,-1,-1,1
1,5,18,8,5,0,1,2,1,46,-1,-1,-1,1
1,9,7,8,0,0,1,6,1,23,1339,1,1,0
1,9,9,8,0,0,1,6,1,63,2198,2,8,0
2,9,18,8,0,0,1,6,2,41,1596,1,8,1
1,9,18,8,0,0,1,6,1,43,1242,1,13,0
1,9,18,4,0,0,1,6,1,28,-1,-1,-1,1
2,1,18,4,0,0,1,6,1,28,-1,-1,-1,1
1,9,18,0,0,0,1,3,2,39,1339,1,8,1
1,9,18,8,0,0,1,1,1,38,1600,2,5,0
1,9,9,8,0,0,1,6,2,27,1397,1,6,0
2,1,17,8,0,0,1,6,1,35,-1,-1,-1,0
1,9,4,1,0,0,1,2,2,52,1997,2,1,0
2,9,4,1,0,0,1,2,1,23,1149,1,14,0
1,9,18,1,0,0,1,2,2,33,1598,2,5,1
1,9,7,3,0,0,1,1,2,58,-1,-1,-1,1
2,9,18,4,0,0,1,1,1,61,1560,2,2,1
1,9,9,5,0,0,1,1,1,19,-1,-1,-1,1
2,9,18,1,0,0,1,1,2,57,1248,2,7,1
1,11,18,0,0,0,1,1,1,50,4461,2,1,1
1,9,9,5,0,0,1,6,1,18,1339,1,7,0
2,1,18,8,0,0,1,2,1,34,-1,-1,-1,0
1,9,18,8,0,0,1,1,1,38,1984,1,2,0
1,9,7,3,0,0,1,1,1,34,-1,-1,-1,1
2,1,18,8,0,0,1,6,1,27,-1,-1,-1,1
1,11,17,2,1,0,1,1,1,30,-1,-1,-1,1
2,9,16,1,0,0,1,6,1,46,1242,1,13,1
1,9,18,2,0,0,1,1,1,55,1390,1,11,0
2,9,3,1,0,0,1,1,1,42,1995,2,3,0
3,9,3,1,0,0,1,3,2,40,1995,1,5,1
1,9,7,4,0,0,1,6,1,19,1984,1,7,0
2,9,18,8,0,0,1,6,1,27,1596,1,12,1
1,9,3,2,0,0,1,6,1,66,1461,2,1,1
2,9,18,1,0,0,1,6,2,27,1242,1,7,0
1,9,18,1,0,0,1,6,2,81,-1,-1,-1,0
1,9,7,2,0,0,1,6,1,19,-1,-1,-1,0
2,9,4,1,1,0,1,6,1,39,1910,2,8,1
1,9,18,8,0,0,1,6,2,55,1998,1,10,1
1,11,5,0,0,0,1,1,1,50,4461,2,2,0
1,8,1,0,0,0,1,6,1,30,-1,-1,-1,1
1,9,7,8,0,0,1,6,3,-1,-1,-1,-1,1
1,9,10,1,0,0,1,6,1,30,1329,1,5,1
1,9,5,1,0,0,1,6,1,78,1896,2,8,1
1,9,4,1,0,0,1,6,1,57,2496,1,13,1
2,5,3,1,0,0,1,6,1,48,645,1,11,1
1,9,18,2,0,0,1,6,1,30,-1,-1,-1,0
1,9,4,0,0,0,1,6,2,62,1783,1,12,0
1,9,9,2,0,0,1,6,2,70,998,1,17,0
1,9,18,0,0,0,1,6,1,79,1596,1,9,1
2,9,18,0,0,0,1,6,2,38,1686,2,2,1
3,9,18,0,0,0,1,6,2,29,1390,1,6,1
1,9,18,0,0,0,1,6,1,33,1598,1,6,1
1,1,18,8,2,0,1,1,1,30,-1,-1,-1,0
2,9,7,2,0,0,1,6,3,-1,-1,-1,-1,0
1,9,4,0,0,0,1,6,1,54,1248,2,6,1
2,9,3,0,0,0,1,6,1,62,1395,1,1,0
3,9,3,0,0,0,1,6,1,51,2179,2,3,1
1,2,18,8,0,0,1,6,1,15,49,1,3,1
2,9,2,8,0,0,1,6,3,-1,1560,2,6,1
1,9,1,0,0,0,1,6,1,82,1240,1,12,0
2,9,18,0,0,0,1,6,1,53,-1,-1,-1,1
3,3,18,0,0,0,1,6,1,18,124,1,3,1
4,9,2,0,0,0,1,6,3,-1,1198,1,13,1
1,9,18,0,0,0,1,6,3,-1,-1,-1,-1,1
2,1,18,0,0,0,1,1,1,47,-1,-1,-1,1
1,9,18,0,0,0,1,6,1,27,1995,2,7,1
1,9,18,0,1,0,1,6,1,17,-1,-1,-1,0
2,9,2,0,0,0,1,6,3,-1,1560,2,2,0
3,9,2,0,0,0,1,6,3,-1,1150,1,12,0
1,9,18,0,0,0,1,6,1,30,2496,2,11,1
2,9,18,0,0,0,1,6,2,53,1598,1,8,1
1,9,7,8,0,0,1,1,2,42,1329,1,3,1
2,1,18,8,0,0,1,2,1,56,-1,-1,-1,1
1,9,7,5,1,0,1,1,1,39,998,1,8,0
1,9,18,0,0,10,1,6,1,22,1199,1,13,0
1,9,1,1,0,0,1,6,1,29,1997,2,16,1
2,9,3,1,0,0,1,2,1,51,998,1,14,0
1,9,9,6,0,0,1,6,2,53,1995,2,8,1
2,9,18,8,0,0,1,6,1,19,1242,1,5,1
1,9,4,1,0,0,1,6,2,39,1598,1,7,1
2,9,3,1,0,0,1,6,1,88,1598,1,10,0
3,9,3,1,0,0,1,6,2,32,1461,2,10,0
1,9,18,0,0,0,1,6,2,42,1328,1,11,0
2,9,4,0,0,0,1,6,1,26,1794,1,13,0
1,9,9,8,0,0,1,1,2,28,2987,2,-1,0
2,2,18,8,0,0,1,6,1,16,49,1,12,1
1,9,5,0,0,0,1,2,2,29,1598,1,12,0
1,9,18,8,0,0,1,6,1,38,1995,2,6,1
2,5,18,8,0,0,1,6,1,48,998,1,6,0
1,9,18,0,0,0,1,6,1,75,2143,2,4,1
1,9,18,0,0,0,1,6,2,24,1395,1,1,0
2,8,18,0,0,0,1,1,1,46,2499,2,9,0
1,9,18,0,0,0,1,6,3,-1,-1,-1,-1,1
2,9,2,0,0,0,1,6,2,31,1389,1,17,0
3,1,18,0,0,0,1,6,1,40,-1,-1,-1,0
1,9,7,8,0,0,1,2,2,44,1997,2,6,1
2,1,18,8,0,0,1,2,1,40,-1,-1,-1,1
1,9,16,0,0,0,1,6,1,18,1124,1,13,1
1,9,18,8,0,0,1,1,1,46,-1,-1,-1,0
2,5,9,8,0,0,1,1,1,33,-1,-1,-1,0
1,9,9,8,0,0,1,6,1,39,1689,2,15,0
2,19,18,8,0,0,1,6,1,49,2402,2,6,1
1,9,9,2,0,0,2,6,3,-1,1229,1,8,1
1,9,18,0,0,0,1,2,1,58,2184,2,12,1
2,4,18,0,0,0,1,2,1,65,124,1,16,1
1,9,18,8,0,0,1,1,2,64,1868,2,12,1
2,9,16,8,0,0,1,1,2,47,1242,1,12,1
1,9,9,6,0,0,1,6,2,29,1390,1,10,0
2,9,18,8,0,0,1,6,1,45,2660,2,19,0
1,9,16,3,0,0,1,6,1,27,1994,1,11,0
2,9,18,1,0,0,1,6,1,30,1968,2,4,0
1,9,18,1,0,0,1,6,1,29,1781,1,14,0
1,9,9,6,0,0,1,6,1,55,1995,2,5,0
2,9,18,8,0,0,1,6,1,30,1360,1,12,0
1,9,3,1,0,0,1,6,1,39,2616,1,10,1
2,9,3,1,0,0,1,6,1,18,1229,1,2,1
3,9,3,1,0,0,1,6,1,19,1956,2,1,1
4,9,3,1,0,0,1,6,1,24,1998,1,10,1
1,9,9,8,0,0,1,6,2,34,1598,1,11,1
2,1,18,8,0,0,1,6,1,62,-1,-1,-1,1
3,9,2,1,0,0,1,6,1,27,1229,1,10,1
1,9,18,8,0,0,1,3,2,36,1329,1,4,1
2,19,3,8,0,0,1,1,1,55,-1,-1,-1,1
1,9,18,8,0,0,1,6,3,-1,-1,-1,-1,0
2,9,9,8,0,0,1,6,1,32,1995,2,13,0
1,9,5,2,0,0,1,6,1,86,1364,1,4,0
1,9,9,8,0,0,1,2,2,37,2099,1,13,0
2,9,18,8,0,0,1,2,1,42,1968,2,8,0
1,3,18,8,1,4,1,6,1,22,124,1,7,0
2,9,1,8,0,0,1,6,1,39,998,1,2,0
3,9,2,8,0,0,1,6,3,-1,1598,1,10,0
4,9,2,8,0,0,1,6,3,-1,1242,1,3,0
1,9,18,8,0,0,1,6,1,25,1686,2,11,0
2,9,18,8,0,0,1,6,1,35,2457,1,7,0
1,9,18,0,0,0,1,3,1,25,998,1,14,0
1,9,6,0,0,0,1,6,2,71,1998,1,9,0
2,3,18,0,0,0,1,6,1,64,123,1,3,0
1,2,18,1,0,0,1,6,1,21,-1,-1,-1,1
2,9,9,1,0,0,1,1,1,39,1560,2,2,1
1,9,9,6,0,0,1,6,1,24,1399,1,12,1
2,3,18,6,2,0,1,6,1,48,124,1,5,1
1,11,4,1,0,0,1,1,1,69,6700,2,7,1
1,9,1,8,0,0,1,6,1,28,1229,1,1,1
1,9,9,8,0,0,1,6,2,52,1686,2,10,1
2,19,18,8,0,0,1,6,1,64,1248,2,7,0
1,9,13,0,0,0,1,6,2,33,1596,1,7,1
1,9,9,8,0,0,1,6,2,30,1339,1,11,0
2,9,18,8,0,0,1,6,1,18,1587,1,12,1
1,9,7,1,0,0,1,6,2,28,1388,1,12,0
2,1,18,1,0,0,1,6,2,49,-1,-1,-1,1
1,9,3,1,0,0,1,2,1,43,-1,-1,-1,0
2,1,3,1,0,0,1,1,2,43,-1,-1,-1,1
1,9,18,8,0,0,1,2,2,55,1560,2,8,0
2,1,18,8,0,0,1,2,1,54,-1,-1,-1,1
1,9,18,2,0,0,1,6,1,44,1995,2,7,0
1,9,5,5,0,0,1,6,1,45,1796,1,9,1
2,1,18,8,0,0,1,6,1,43,-1,-1,-1,0
1,9,5,8,0,0,1,6,1,30,-1,-1,-1,1
1,19,18,8,0,0,1,6,1,57,1998,2,11,0
2,9,18,8,0,0,1,6,1,27,1399,2,3,1
1,9,18,8,0,0,1,1,1,24,1796,1,14,0
2,9,18,8,0,0,1,6,2,54,1685,2,-1,1
1,9,18,0,0,0,1,6,1,21,1800,1,15,1
2,9,3,0,0,0,1,6,1,44,1896,2,13,1
3,9,3,0,0,0,1,6,1,48,1796,1,16,1
1,19,4,1,0,0,1,6,1,55,2150,2,11,1
2,9,3,1,0,0,1,6,2,51,-1,-1,-1,1
3,9,3,1,0,0,1,6,2,39,1242,1,10,1
1,9,9,8,0,0,1,6,1,30,-1,-1,-1,1
1,9,18,0,0,0,1,6,3,-1,-1,-1,-1,1
1,9,9,8,0,0,1,6,2,47,1560,2,1,1
2,1,18,8,0,0,1,1,1,47,-1,-1,-1,1
1,9,13,8,1,0,1,6,1,30,1905,2,17,1
2,8,9,8,0,0,1,1,1,32,1497,8,8,1
1,9,18,0,0,0,1,6,1,81,1339,1,2,1
2,1,18,0,0,0,1,6,1,45,-1,-1,-1,1
1,5,18,1,0,0,1,6,1,44,999,1,1,1
1,9,13,2,1,10,1,6,1,25,1598,1,10,1
2,9,18,2,0,0,1,1,1,30,2993,2,1,1
3,9,18,2,0,0,1,6,2,40,1596,1,8,1
4,9,18,2,0,0,1,6,2,61,2231,2,4,1
5,19,18,2,0,0,1,1,1,48,2143,2,2,1
6,9,3,2,0,0,1,6,1,69,1388,1,4,1
1,9,9,6,0,0,1,6,1,30,-1,-1,-1,1
2,9,18,8,0,0,1,6,2,23,1968,2,9,1
1,9,18,0,0,0,1,6,2,29,1275,1,16,1
1,19,5,0,0,0,1,1,1,53,1753,2,4,1
2,2,18,0,0,0,1,1,1,50,49,1,-1,1
1,19,1,1,0,0,2,6,1,28,-1,-1,-1,1
2,3,10,1,0,0,1,6,1,27,124,1,2,1
1,9,5,6,0,0,1,6,1,30,-1,-1,-1,1
2,9,18,8,0,0,1,6,1,77,998,1,13,1
1,9,18,1,0,0,1,6,2,30,1149,1,12,1
2,9,3,1,0,0,1,6,2,63,1598,1,13,1
3,19,10,1,0,0,1,6,1,43,2402,2,7,1
1,9,18,3,0,0,1,3,1,41,1997,2,10,1
1,9,9,6,0,0,1,1,1,47,1995,2,12,1
1,9,18,4,0,0,1,6,1,66,2498,1,14,1
2,9,18,4,0,0,1,6,1,33,998,1,4,0
1,20,17,1,5,10,1,6,1,56,-1,-1,-1,0
1,9,7,8,0,0,1,6,1,30,1997,2,5,0
2,1,18,8,0,0,1,6,2,20,-1,-1,-1,0
1,4,17,1,0,10,1,6,1,23,125,1,-1,1
1,19,18,8,5,0,1,1,1,38,1598,2,-1,0
2,9,7,8,0,0,1,6,2,22,1149,1,11,1
1,9,18,8,0,0,1,6,2,40,1461,2,5,0
1,9,9,5,0,0,1,6,2,42,1598,1,10,1
2,1,18,8,0,0,1,6,1,24,-1,-1,-1,0
1,9,9,8,0,0,1,6,1,92,1329,1,5,1
2,5,18,8,0,0,1,6,1,21,-1,-1,-1,1
1,9,7,8,0,0,1,6,1,49,-1,-1,-1,1
1,9,18,0,0,4,1,6,2,67,1242,1,11,1
2,9,2,0,0,0,1,6,2,35,1582,1,8,1
1,9,18,0,0,0,1,6,2,81,1598,1,5,1
2,9,4,0,0,0,1,6,2,33,1229,1,7,1
1,9,18,2,0,0,1,6,3,-1,-1,-1,-1,0
1,9,18,8,0,0,1,2,2,31,1956,2,5,0
2,1,18,8,0,0,1,2,1,46,-1,-1,-1,0
1,9,18,4,0,0,1,6,1,40,1896,2,11,0
2,9,18,4,0,0,1,6,1,24,1910,2,9,1
1,9,4,0,0,0,1,6,2,39,1595,1,9,0
1,19,1,0,0,0,1,1,1,28,-1,-1,-1,0
1,9,9,8,0,0,1,6,1,29,998,1,10,0
2,5,18,8,0,0,1,6,1,56,-1,-1,-1,0
1,9,1,0,0,0,1,1,1,40,1910,2,9,1
2,9,2,0,0,0,1,1,1,50,1588,1,12,1
1,8,5,1,0,0,1,1,1,33,1956,2,1,1
1,9,14,1,0,0,1,6,2,-1,1560,2,1,1
1,9,18,0,0,0,1,6,1,25,1781,1,11,1
1,20,18,1,0,0,1,3,1,30,-1,-1,-1,1